Bin Id,classification,Completeness,Contamination,AvgDepth,iron_oxidation,iron_reduction,OmcS,PioA,OmcZ,OmcC,OmcB,MtrC
maxbin_bin.466,d__Bacteria;p__Proteobacteria;c__Gammaproteobacteria;o__Nevskiales;f__Nevskiaceae;g__Polycyclovorans;s__Polycyclovorans sp002706265,100,2.51,323.109050847458,0,9,0,0,0,0,0,0
maxbin_bin.13_sub,d__Bacteria;p__Cyanobacteria;c__Cyanobacteriia;o__PCC-6307;f__Cyanobiaceae;g__Cyanobium;s__,95.69,2.51,153.664282173913,0,6,0,0,0,0,0,0
maxbin_bin.17,d__Bacteria;p__Proteobacteria;c__Gammaproteobacteria;o__Woeseiales;f__Woeseiaceae;g__;s__,100,0.31,132.344243307087,0,7,0,1,0,0,0,1
maxbin_bin.450,d__Bacteria;p__Desulfobacterota;c__Desulfobulbia;o__Desulfobulbales;f__Desulfobulbaceae;g__Electrothrix;s__,82.18,1.02,117.897443333333,0,4,0,0,0,0,0,0
maxbin_bin.25,d__Bacteria;p__Actinobacteriota;c__Acidimicrobiia;o__UBA5794;f__UBA5794;g__;s__,81.58,8.03,109.148168337731,0,2,0,0,0,0,0,0
maxbin_bin.29,d__Bacteria;p__Bacteroidota;c__Bacteroidia;o__Flavobacteriales;f__Flavobacteriaceae;g__Robiginitalea;s__,96.55,0,82.1812039215686,0,3,0,0,0,0,0,0
metabat_bin.378,d__Bacteria;p__Proteobacteria;c__Gammaproteobacteria;o__Woeseiales;f__Woeseiaceae;g__UBA1847_1;s__,97.41,1.36,79.9950394736842,0,7,0,2,0,0,0,1
metabat_bin.323_sub,d__Bacteria;p__Gemmatimonadota;c__Gemmatimonadetes;o__KS3-K002;f__JABDQB01;g__JABDQB01;s__,75.69,0.16,72.4159704918033,0,2,0,0,0,0,0,0
maxbin_bin.39_sub,d__Bacteria;p__Myxococcota;c__Polyangia;o__Polyangiales;f__SG8-38;g__SG8-38;s__,93.1,9.8,68.5556684759917,0,5,0,0,0,0,0,0
maxbin_bin.41,d__Bacteria;p__Bacteroidota;c__Bacteroidia;o__Flavobacteriales;f__Flavobacteriaceae;g__QNYL01;s__,96.55,1.72,62.4732728971963,0,5,0,0,0,0,0,0
metabat_bin.124,d__Bacteria;p__Campylobacterota;c__Campylobacteria;o__Campylobacterales;f__Sulfurimonadaceae;g__Sulfurimonas;s__,96.21,2.59,60.7619041176471,1,5,0,4,0,0,0,0
maxbin_bin.49_sub,d__Bacteria;p__Bacteroidota;c__Bacteroidia;o__Flavobacteriales;f__Flavobacteriaceae;g__QNYL01;s__,85.82,4.62,60.6129119496855,2,3,0,0,0,0,0,0
maxbin_bin.57_sub,d__Bacteria;p__Bacteroidota;c__Bacteroidia;o__Flavobacteriales;f__Flavobacteriaceae;g__Eudoraea;s__,86.21,3.01,59.3084247803163,0,6,0,0,0,0,0,0
maxbin_bin.56_sub,d__Bacteria;p__Proteobacteria;c__Gammaproteobacteria;o__J044;f__J044;g__;s__,96.55,1.72,57.3726122994652,0,4,0,0,0,0,0,0
metabat_bin.408,d__Bacteria;p__Desulfobacterota;c__Desulfobacteria;o__Desulfobacterales;f__UBA11574;g__JAAXQD01;s__,93.1,4.31,56.36765256917,0,5,0,0,0,0,0,0
metabat_bin.370,d__Bacteria;p__Proteobacteria;c__Gammaproteobacteria;o__Thiohalomonadales;f__UBA6429;g__;s__,96.55,5.33,53.3388752747253,1,6,0,0,0,0,0,0
metabat_bin.351,d__Bacteria;p__Proteobacteria;c__Gammaproteobacteria;o__Chromatiales;f__Sedimenticolaceae;g__41T-STBD-0c-01a;s__,98.28,6.9,51.6694223776224,0,7,0,1,0,0,0,0
metabat_bin.103,d__Bacteria;p__Proteobacteria;c__Gammaproteobacteria;o__Woeseiales;f__Woeseiaceae;g__UBA1847_2;s__,96.55,3.45,48.2746507936508,0,5,0,0,0,0,0,0
vamb_S1C10321,d__Bacteria;p__Firmicutes_A;c__Clostridia;o__DUPQ01;f__DUPQ01;g__;s__,96.55,0,42.6234727272727,0,5,0,0,0,0,0,0
metabat_bin.409_sub,d__Bacteria;p__Proteobacteria;c__Alphaproteobacteria;o__Rhodospirillales;f__UXAT02;g__;s__,95.16,7.76,42.3158165840517,1,7,0,0,0,0,0,0
metabat_bin.312_sub,d__Bacteria;p__Acidobacteriota;c__Mor1;o__Mor1;f__Mor1;g__;s__,94.83,8.62,41.089726122449,0,11,2,4,2,0,0,0
maxbin_bin.511,d__Bacteria;p__Proteobacteria;c__Gammaproteobacteria;o__Thiohalomonadales_A;f__RBG-16-57-12;g__;s__,100,3.13,40.3440538083538,0,5,0,0,0,0,0,0
metabat_bin.374_sub,d__Bacteria;p__Gemmatimonadota;c__Gemmatimonadetes;o__KS3-K002;f__JABDQB01;g__;s__,100,7.76,39.723514797136,1,5,0,0,0,0,0,0
metadecoder_loegten.metadecoder.161,d__Bacteria;p__Desulfobacterota;c__Desulfobacteria;o__Desulfobacterales;f__SG8-13;g__;s__,53.56,8.62,39.330497804878,0,4,0,0,0,0,0,1
metabat_bin.126,d__Bacteria;p__Proteobacteria;c__Gammaproteobacteria;o__SZUA-229;f__SZUA-229;g__SZUA-116;s__,98.28,3.45,38.1129090909091,1,4,0,1,0,0,0,0
maxbin_bin.85_sub,d__Bacteria;p__Bacteroidota;c__Ignavibacteria;o__Ignavibacteriales;f__Ignavibacteriaceae;g__IGN2_1;s__,74.14,2.76,36.3583215130024,0,3,0,0,0,0,0,0
maxbin_bin.92_sub,d__Bacteria;p__Acidobacteriota;c__Thermoanaerobaculia;o__UBA5704;f__UBA5704;g__;s__,96.55,9.09,36.2571042692939,0,4,0,1,0,0,0,0
metabat_bin.186_sub,d__Bacteria;p__Bacteroidota;c__Bacteroidia;o__Bacteroidales;f__GCA-2748055;g__GCA-2748055;s__,84.43,5.33,35.9412629101284,0,2,0,1,0,0,0,0
metabat_bin.186,d__Bacteria;p__Bacteroidota;c__Bacteroidia;o__Bacteroidales;f__GCA-2748055;g__GCA-2748055;s__,84.43,5.33,35.630044077135,0,2,0,1,0,0,0,0
metabat_bin.131_sub,d__Bacteria;p__Proteobacteria;c__Gammaproteobacteria;o__Thiohalobacterales;f__DSM-19610;g__Thiogranum;s__,63.79,0,34.3681610714286,0,3,0,0,0,0,0,0
metadecoder_loegten.metadecoder.792_sub,d__Bacteria;p__Cyanobacteria;c__Cyanobacteriia;o__PCC-6307;f__Cyanobiaceae;g__Cyanobium;s__,55.17,4.31,34.2508075,0,0,0,0,0,0,0,0
metabat_bin.102,d__Bacteria;p__Proteobacteria;c__Gammaproteobacteria;o__Pseudomonadales;f__Pseudomonadaceae;g__Pseudomonas_E;s__Pseudomonas_E sp002874965,89.66,5.17,33.8216534391534,0,3,0,0,0,0,0,0
maxbin_bin.552,d__Bacteria;p__Proteobacteria;c__Gammaproteobacteria;o__Pseudomonadales;f__Spongiibacteraceae;g__Zhongshania;s__,85.34,2.04,33.1175684210526,0,6,0,0,0,0,0,0
metabat_bin.382,d__Bacteria;p__Nitrospinota;c__Nitrospinia;o__Nitrospinales;f__Nitrospinaceae;g__LS-NOB;s__,96.55,2.59,32.3616943396226,1,5,0,0,0,0,0,0
vamb_S1C4522,d__Bacteria;p__Planctomycetota;c__Planctomycetes;o__Pirellulales;f__Pirellulaceae;g__;s__,98.28,1.88,31.5337574853801,0,7,0,0,0,0,0,0
metadecoder_loegten.metadecoder.10_sub,d__Bacteria;p__Gemmatimonadota;c__Gemmatimonadetes;o__KS3-K002;f__JABDQB01;g__JABDQB01;s__,76.47,3.45,30.804050972973,1,5,0,0,0,0,0,0
maxbin_bin.515,d__Bacteria;p__Proteobacteria;c__Gammaproteobacteria;o__Nevskiales;f__Nevskiaceae;g__Panacagrimonas;s__,98.28,0,30.3643966666667,0,3,0,0,0,0,0,0
metabat_bin.19_sub,d__Bacteria;p__Bacteroidota;c__Bacteroidia;o__Bacteroidales;f__F082;g__JAADID01;s__,59.17,7.37,29.443751051051,0,5,0,0,0,0,0,0
metabat_bin.399,d__Bacteria;p__Proteobacteria;c__Gammaproteobacteria;o__SZUA-229;f__SZUA-229;g__GCA-2746365_1;s__,98.28,1.72,28.6198631543624,1,5,0,1,0,0,0,0
metabat_bin.28_sub,d__Bacteria;p__Actinobacteriota;c__Acidimicrobiia;o__UBA5794;f__UBA5794;g__;s__,94.83,1.72,27.2705755952381,0,4,0,0,0,0,0,0
maxbin_bin.91_sub,d__Bacteria;p__Desulfobacterota;c__Desulfobacteria;o__Desulfobacterales;f__UBA11574;g__JAAXQD01;s__,86.21,6.27,26.9525022435897,0,3,0,0,0,0,0,0
metabat_bin.164,d__Bacteria;p__Bacteroidota;c__Bacteroidia;o__Flavobacteriales;f__Luteibaculaceae;g__;s__,93.1,1.88,26.8940306179775,0,3,0,0,0,0,0,0
metabat_bin.73,d__Bacteria;p__Desulfobacterota;c__Desulfobacteria;o__Desulfobacterales;f__UBA5852;g__JABZFP01;s__,79.31,5.17,26.7429372180451,0,7,0,0,0,0,0,0
maxbin_bin.114,d__Bacteria;p__Actinobacteriota;c__Actinomycetia;o__Jiangellales;f__;g__;s__,98.28,0.31,26.2881738461538,0,6,0,0,0,0,0,0
maxbin_bin.555,d__Bacteria;p__Proteobacteria;c__Gammaproteobacteria;o__Enterobacterales;f__Alteromonadaceae;g__Paraglaciecola;s__Paraglaciecola mesophila,100,1.72,26.2649835,0,5,0,0,0,0,0,0
metabat_bin.389,d__Bacteria;p__Bacteroidota;c__Bacteroidia;o__Cytophagales;f__Cyclobacteriaceae;g__JAAUQL01;s__,87.93,4.31,25.7508405123675,0,6,0,0,0,0,0,0
metabat_bin.72,d__Bacteria;p__Calditrichota;c__Calditrichia;o__;f__;g__;s__,82.6,2.59,25.1690995890411,0,5,0,0,0,0,0,0
metabat_bin.57,d__Bacteria;p__Proteobacteria;c__Gammaproteobacteria;o__Chromatiales;f__Sedimenticolaceae;g__;s__,100,1.72,25.117321618705,0,6,0,4,0,0,0,0
maxbin_bin.147_sub,d__Bacteria;p__Proteobacteria;c__Gammaproteobacteria;o__BM003;f__BM003;g__BM003;s__,63.42,0,25.0731802919708,2,6,0,2,0,0,0,0
metabat_bin.319,d__Bacteria;p__Bacteroidota;c__Bacteroidia;o__Bacteroidales;f__JAADJA01;g__JAADJA01;s__,78.37,1.72,25.026091521197,0,4,0,1,0,0,0,0
metabat_bin.319_sub,d__Bacteria;p__Bacteroidota;c__Bacteroidia;o__Bacteroidales;f__JAADJA01;g__JAADJA01;s__,78.37,1.72,24.9493523809524,0,4,0,1,0,0,0,0
maxbin_bin.520,d__Bacteria;p__Proteobacteria;c__Gammaproteobacteria;o__Pseudomonadales;f__Oleiphilaceae;g__Marinobacter;s__,96.55,1.88,24.8930346846847,1,5,0,0,0,0,0,0
metadecoder_loegten.metadecoder.1170,d__Bacteria;p__Proteobacteria;c__Gammaproteobacteria;o__PWYM01;f__PWYM01;g__;s__,89.66,0,24.8415418269231,1,7,0,1,0,0,0,0
maxbin_bin.527_sub,d__Bacteria;p__Proteobacteria;c__Gammaproteobacteria;o__Thiohalomonadales;f__Thiohalomonadaceae;g__;s__,90.91,0.86,24.6151993975904,1,4,0,0,0,0,0,0
metabat_bin.74,d__Bacteria;p__Bacteroidota;c__Bacteroidia;o__Bacteroidales;f__Prolixibacteraceae;g__Draconibacterium;s__,87.77,6.03,22.9756759349593,0,4,0,0,0,0,0,0
metadecoder_loegten.metadecoder.1196,d__Bacteria;p__Proteobacteria;c__Gammaproteobacteria;o__Pseudomonadales;f__Halieaceae;g__Halioglobus;s__,50.86,5.17,22.5214725217391,0,3,0,0,0,0,0,0
metabat_bin.202_sub,d__Bacteria;p__Proteobacteria;c__Gammaproteobacteria;o__Enterobacterales;f__Alteromonadaceae;g__;s__,100,0,22.25592912,1,5,0,2,0,0,0,1
maxbin_bin.528,d__Bacteria;p__Proteobacteria;c__Gammaproteobacteria;o__Thiohalomonadales;f__Thiohalomonadaceae;g__;s__,98.28,8.62,22.0093769784173,3,3,0,0,0,0,0,0
vamb_S1C4620_sub,d__Bacteria;p__Proteobacteria;c__Gammaproteobacteria;o__Xanthomonadales;f__SZUA-36;g__JABDPF01;s__,86.6,5.17,21.1754829090909,0,4,0,2,0,0,0,0
vamb_S1C7996,d__Bacteria;p__Myxococcota;c__UBA9160;o__UBA9160;f__UBA4427;g__;s__,89.66,0,20.6720436094675,0,5,0,1,0,0,0,2
metabat_bin.43,d__Bacteria;p__Desulfobacterota;c__Desulfobulbia;o__Desulfobulbales;f__Desulfocapsaceae;g__Desulforhopalus;s__,98.28,2.38,19.5052322222222,0,4,0,0,0,0,0,0
metadecoder_loegten.metadecoder.439,d__Bacteria;p__Proteobacteria;c__Gammaproteobacteria;o__Chromatiales;f__Sedimenticolaceae;g__HyVt-443;s__,96.55,0,18.6576883673469,0,6,0,0,0,0,0,0
maxbin_bin.141,d__Bacteria;p__Verrucomicrobiota;c__Kiritimatiellae;o__Kiritimatiellales;f__Pontiellaceae;g__Pontiella;s__,87.93,3.45,18.5765802156334,0,7,0,0,0,0,0,0
maxbin_bin.509_sub,d__Bacteria;p__Nitrospinota;c__Nitrospinia;o__Nitrospinales;f__Nitrospinaceae;g__1-14-0-20-45-15;s__,95.22,7.76,18.5254747870183,1,4,0,0,0,0,0,0
vamb_S1C3909,d__Bacteria;p__Cyanobacteria;c__Cyanobacteriia;o__Cyanobacteriales;f__Microcystaceae;g__Crocosphaera;s__,100,5.33,18.5023655465587,0,6,0,0,0,0,0,0
maxbin_bin.179_sub,d__Bacteria;p__Acidobacteriota;c__Thermoanaerobaculia;o__UBA5704;f__UBA5704;g__;s__,100,6.9,18.4857767256637,0,13,6,8,0,0,0,0
vamb_S1C4725_sub,d__Bacteria;p__Proteobacteria;c__Gammaproteobacteria;o__Thiohalobacterales;f__DSM-19610;g__Thiogranum;s__,77.59,6.9,18.4448129113924,0,3,0,0,0,0,0,0
metabat_bin.94,d__Bacteria;p__Patescibacteria;c__Gracilibacteria;o__BD1-5;f__UBA6164;g__UBA6489;s__,77.43,0,18.2717883919598,0,0,0,0,0,0,0,0
metabat_bin.403,d__Bacteria;p__Proteobacteria;c__Gammaproteobacteria;o__SZUA-229;f__SZUA-229;g__GCA-2746365_2;s__,77.43,5.49,17.9870640733198,0,4,0,0,0,0,0,0
metabat_bin.375,d__Bacteria;p__Nitrospinota;c__Nitrospinia;o__Nitrospinales;f__Nitrospinaceae;g__SZUA-226;s__,95.69,6.9,17.91131144,0,5,0,0,0,0,0,0
metabat_bin.383,d__Bacteria;p__Proteobacteria;c__Alphaproteobacteria;o__Geminicoccales;f__Geminicoccaceae;g__SLRI01;s__,57.54,1.44,17.8230120143885,1,1,0,0,0,0,0,0
vamb_S1C5660,d__Bacteria;p__Proteobacteria;c__Gammaproteobacteria;o__Xanthomonadales;f__SZUA-36;g__JABDPF01;s__,70.22,1.72,17.7205777777778,0,3,0,0,0,0,0,0
vamb_S1C5963,d__Bacteria;p__Bacteroidota;c__Bacteroidia;o__Chitinophagales;f__Saprospiraceae;g__;s__,81.03,0,17.5794988764045,0,2,0,0,0,0,0,0
metabat_bin.422,d__Bacteria;p__Proteobacteria;c__Gammaproteobacteria;o__Thiohalobacterales;f__DSM-19610;g__;s__,100,1.72,17.4837991216216,0,8,0,1,0,0,0,0
maxbin_bin.135,d__Bacteria;p__Myxococcota;c__Polyangia;o__JAAYKL01;f__;g__;s__,96.47,1.72,17.4147334250765,0,5,0,0,0,0,0,0
metabat_bin.47_sub,d__Bacteria;p__Nitrospinota;c__Nitrospinia;o__Nitrospinales;f__Nitrospinaceae;g__1-14-0-20-45-15;s__,87.46,6.9,17.1335764973262,1,5,0,0,0,0,0,0
metabat_bin.311,d__Bacteria;p__Desulfobacterota;c__Desulfobulbia;o__Desulfobulbales;f__Desulfurivibrionaceae;g__;s__,96.55,3.95,16.9395598466258,0,5,3,7,0,0,0,0
metadecoder_loegten.metadecoder.691_sub,d__Bacteria;p__Desulfobacterota;c__Desulfobacteria;o__Desulfobacterales;f__UBA11574;g__;s__,91.38,0,16.7510224537037,0,5,0,0,0,0,0,0
vamb_S1C26083,d__Bacteria;p__Proteobacteria;c__Gammaproteobacteria;o__Pseudomonadales;f__Halieaceae;g__;s__,100,0.86,16.6421174025974,0,4,0,2,0,0,0,1
metabat_bin.53_sub,d__Bacteria;p__Bacteroidota;c__Bacteroidia;o__Flavobacteriales;f__Flavobacteriaceae;g__Gillisia;s__Gillisia mitskevichiae,98.28,1.72,16.3164415714286,0,5,0,0,0,0,0,0
metadecoder_loegten.metadecoder.1323,d__Bacteria;p__Myxococcota;c__Polyangia;o__GCA-2747355;f__GCA-2747355;g__;s__,97.41,0,16.2125125,0,10,0,0,0,0,0,0
metabat_bin.439,d__Bacteria;p__Krumholzibacteriota;c__Krumholzibacteria;o__LZORAL124-64-63;f__LZORAL124-64-63;g__;s__,98.12,7.05,16.0641236909871,1,9,5,3,0,0,0,0
metabat_bin.338,d__Bacteria;p__Chloroflexota;c__Anaerolineae;o__Anaerolineales;f__UBA4823;g__DSPF01;s__,78.84,0,15.8606580600462,0,2,0,0,0,1,0,0
metabat_bin.338_sub,d__Bacteria;p__Chloroflexota;c__Anaerolineae;o__Anaerolineales;f__UBA4823;g__DSPF01;s__,78.84,0,15.8539075,0,2,0,0,0,1,0,0
vamb_S1C22164,d__Bacteria;p__Desulfobacterota;c__Desulfobulbia;o__Desulfobulbales;f__Desulfocapsaceae;g__JABDPQ01;s__,89.66,1.72,15.4578794392523,0,3,0,0,0,0,0,0
metadecoder_loegten.metadecoder.1486,d__Bacteria;p__Proteobacteria;c__Gammaproteobacteria;o__Xanthomonadales;f__SZUA-36;g__JABDPF01;s__,96.55,5.17,14.934582739726,0,4,0,2,0,0,0,0
metabat_bin.429,d__Bacteria;p__Bacteroidota;c__Bacteroidia;o__Bacteroidales;f__JAADJA01;g__JAADJA01;s__,90.52,0,14.9132548654244,0,5,0,0,0,0,0,0
metabat_bin.302,d__Bacteria;p__Krumholzibacteriota;c__Krumholzibacteria;o__LZORAL124-64-63;f__;g__;s__,100,0,14.8137575799087,1,7,2,1,0,0,0,0
maxbin_bin.529_sub,d__Bacteria;p__Proteobacteria;c__Alphaproteobacteria;o__Rhodospirillales;f__Terasakiellaceae;g__;s__,100,6.9,14.656337699115,1,6,0,0,0,0,0,0
metabat_bin.143,d__Bacteria;p__Proteobacteria;c__Gammaproteobacteria;o__Thiohalobacterales;f__UBA9214;g__UBA9214;s__,92.79,6.9,14.518950140056,0,5,0,1,0,0,0,0
metabat_bin.11,d__Bacteria;p__Bacteroidota;c__Bacteroidia;o__Bacteroidales;f__UBA12077;g__UBA12077;s__,100,0,14.510938358209,0,4,0,3,0,0,0,0
metabat_bin.149_sub,d__Bacteria;p__Krumholzibacteriota;c__Krumholzibacteria;o__LZORAL124-64-63;f__LZORAL124-64-63;g__;s__,83.7,0,14.4208728787879,1,7,2,2,0,0,1,0
metadecoder_loegten.metadecoder.193,d__Bacteria;p__Bacteroidota;c__Bacteroidia;o__Bacteroidales;f__JAADJA01;g__JAADJA01;s__,71.55,5.17,14.3811983185841,0,4,0,0,0,0,0,0
metadecoder_loegten.metadecoder.43_sub,d__Bacteria;p__Patescibacteria;c__ABY1;o__SG8-24;f__SG8-24;g__;s__,75.69,7.42,14.3531586809816,0,1,0,0,0,0,0,0
metabat_bin.132,d__Bacteria;p__Bacteroidota;c__Bacteroidia;o__Flavobacteriales;f__Flavobacteriaceae;g__Olleya;s__Olleya sp002323495,95.53,0.16,14.2753692284866,0,4,0,0,0,0,0,0
maxbin_bin.226,d__Bacteria;p__Gemmatimonadota;c__Gemmatimonadetes;o__Longimicrobiales;f__UBA6960;g__JABDNZ01;s__,100,2.59,14.2118870323741,0,9,0,0,0,0,0,0
vamb_S1C8901,d__Bacteria;p__Proteobacteria;c__Gammaproteobacteria;o__Pseudomonadales;f__Halieaceae;g__;s__,75.86,5.17,14.1054031168831,0,4,0,0,0,0,0,0
vamb_S1C4073,d__Bacteria;p__Bacteroidota;c__Bacteroidia;o__Cytophagales;f__Cyclobacteriaceae;g__;s__,89.66,1.72,14.0771416949153,0,5,0,0,0,0,0,0
metadecoder_loegten.metadecoder.1115_sub,d__Bacteria;p__Nitrospinota;c__Nitrospinia;o__Nitrospinales;f__Nitrospinaceae;g__UBA8687;s__,61.21,0,14.0323992,0,3,0,0,0,0,0,0
vamb_S1C12330,d__Bacteria;p__Bacteroidota;c__Bacteroidia;o__Flavobacteriales;f__Flavobacteriaceae;g__Winogradskyella;s__,84.48,0,13.8718230769231,0,4,0,0,0,0,0,0
vamb_S1C3142,d__Bacteria;p__Bacteroidota;c__Bacteroidia;o__Cytophagales;f__Cyclobacteriaceae;g__JAAUQL01;s__,87.93,5.17,13.7026108943089,0,7,0,0,0,0,0,0
maxbin_bin.139_sub,d__Bacteria;p__Patescibacteria;c__ABY1;o__SG8-24;f__SG8-24;g__;s__,82.76,1.72,13.5122752564103,0,0,0,0,0,0,0,0
metadecoder_loegten.metadecoder.451_sub,d__Bacteria;p__Bacteroidota;c__Bacteroidia;o__Bacteroidales;f__F082;g__JAADID01;s__,62.81,8.78,13.2260224581006,0,6,0,0,0,0,0,0
metadecoder_loegten.metadecoder.142_sub,d__Bacteria;p__Cyanobacteria;c__Cyanobacteriia;o__Cyanobacteriales;f__Cyanobacteriaceae;g__;s__,96.55,5.33,13.0768946744186,0,5,0,0,0,0,0,0
metadecoder_loegten.metadecoder.864,d__Bacteria;p__Proteobacteria;c__Gammaproteobacteria;o__Enterobacterales;f__Vibrionaceae;g__Photobacterium;s__Photobacterium lipolyticum,100,0,12.8438661875,0,6,0,0,0,0,0,0
metabat_bin.448,d__Bacteria;p__Patescibacteria;c__Gracilibacteria;o__CAIRYL01;f__CAIRYL01;g__;s__,93.1,0,12.7412441860465,0,1,0,0,0,0,0,0
metadecoder_loegten.metadecoder.470,d__Bacteria;p__Bacteroidota;c__Ignavibacteria;o__Ignavibacteriales;f__Ignavibacteriaceae;g__IGN2_2;s__,98.28,1.72,12.539893956044,0,6,0,0,0,0,0,0
maxbin_bin.197,d__Bacteria;p__Bacteroidota;c__Bacteroidia;o__Bacteroidales;f__VadinHA17;g__;s__,87.93,8.62,12.5376742391304,0,1,0,2,0,0,0,0
vamb_S1C4110,d__Bacteria;p__Bacteroidota;c__Bacteroidia;o__Flavobacteriales;f__Flavobacteriaceae;g__CAU-1491;s__,75.24,5.17,12.2379283684211,0,4,0,0,0,0,0,0
metadecoder_loegten.metadecoder.365,d__Bacteria;p__Planctomycetota;c__Planctomycetes;o__Pirellulales;f__Pirellulaceae;g__UBA11363;s__,95.69,1.72,12.2309914823529,0,10,0,0,0,0,0,0
vamb_S1C25017,d__Bacteria;p__Bacteroidota;c__Bacteroidia;o__Flavobacteriales;f__Schleiferiaceae;g__;s__,95.45,4.31,12.020035840708,0,4,0,0,0,0,0,0
metabat_bin.278,d__Bacteria;p__Proteobacteria;c__Gammaproteobacteria;o__GCF-002020875;f__GRL18;g__GRL18;s__,72.73,5.17,11.9275027786033,0,9,0,1,0,0,0,0
metabat_bin.81,d__Bacteria;p__Chloroflexota;c__Anaerolineae;o__4572-78;f__J111;g__J095;s__,88.64,5.33,11.919736686747,4,8,0,0,0,1,0,0
metabat_bin.176,d__Bacteria;p__Krumholzibacteriota;c__;o__;f__;g__;s__,76.72,1.72,11.8703153,0,6,0,0,0,0,0,0
vamb_S1C7595_sub,d__Bacteria;p__Bacteroidota;c__Ignavibacteria;o__Ignavibacteriales;f__Ignavibacteriaceae;g__BMS3ABIN03;s__,94.83,0,11.5607435658915,1,7,0,0,0,0,0,0
vamb_S1C2661,d__Bacteria;p__Myxococcota;c__UBA727;o__UBA727;f__GCA-2721815;g__;s__,95.69,0,11.4864172766885,0,8,0,0,0,0,0,0
vamb_S1C5335,d__Bacteria;p__Chloroflexota;c__Anaerolineae;o__JAAYZQ01;f__JAAYZQ01;g__;s__,70.69,1.72,11.4690778074866,1,4,0,0,0,1,1,0
vamb_S1C1776,d__Bacteria;p__Planctomycetota;c__MHYJ01;o__MHYJ01;f__;g__;s__,95.69,3.45,11.4001135333333,0,4,0,0,0,0,0,0
vamb_S1C1470_sub,d__Bacteria;p__Acidobacteriota;c__Holophagae;o__GCA-2747255;f__GCA-2747255;g__;s__,96.55,1.72,11.3794286519608,0,7,0,1,0,0,0,1
metadecoder_loegten.metadecoder.1061_sub,d__Bacteria;p__Bacteroidota;c__Ignavibacteria;o__Ignavibacteriales;f__Melioribacteraceae;g__GCA-2746605;s__,66.93,1.72,11.3141111507937,1,7,0,0,0,0,0,0
metadecoder_loegten.metadecoder.56,d__Bacteria;p__Gemmatimonadota;c__Gemmatimonadetes;o__Longimicrobiales;f__UBA6960;g__UBA2589;s__,78.29,0,11.2342219521912,1,5,0,0,0,0,0,0
metadecoder_loegten.metadecoder.1074_sub,d__Bacteria;p__Desulfobacterota;c__Desulfobacteria;o__C00003060;f__C00003060;g__C00003060;s__,51.13,0.16,11.2033575609756,0,1,0,0,0,0,0,0
metabat_bin.64,d__Bacteria;p__Chloroflexota;c__Anaerolineae;o__Promineofilales;f__Promineofilaceae;g__JAACFF01;s__,94.83,7.24,11.131979066092,2,6,0,0,0,0,2,0
metadecoder_loegten.metadecoder.357,d__Bacteria;p__Proteobacteria;c__Gammaproteobacteria;o__Chromatiales;f__Chromatiaceae;g__;s__,72.41,1.88,10.8402314285714,2,6,0,0,0,0,0,0
vamb_S1C4485,d__Bacteria;p__Bdellovibrionota;c__Bdellovibrionia;o__Bdellovibrionales;f__;g__;s__,96.55,0,10.8002864963504,0,4,0,0,0,0,0,0
metabat_bin.341_sub,d__Bacteria;p__Proteobacteria;c__Alphaproteobacteria;o__Rhodospirillales;f__Magnetovibrionaceae;g__Magnetovibrio;s__,94.14,3.29,10.7161407692308,1,5,0,0,0,0,1,0
vamb_S1C4768,d__Bacteria;p__Bacteroidota;c__Ignavibacteria;o__Ignavibacteriales;f__Melioribacteraceae;g__SZUA-22;s__,71,0,10.39088,0,6,0,0,0,0,0,0
vamb_S1C8664,d__Bacteria;p__Acidobacteriota;c__Aminicenantia;o__UBA2199;f__UBA2199;g__UBA647;s__,95.3,0,10.1949955617978,1,3,0,3,0,0,1,0
metadecoder_loegten.metadecoder.681,d__Bacteria;p__Bacteroidota;c__Bacteroidia;o__Bacteroidales;f__GCA-2748055;g__;s__,87.93,3.45,10.1339638150289,0,5,0,0,0,0,0,0
metabat_bin.384,d__Bacteria;p__Bacteroidota;c__Bacteroidia;o__Flavobacteriales;f__UBA2798;g__;s__,98.28,0,9.92573545016077,0,7,0,0,0,0,0,0
metadecoder_loegten.metadecoder.1006,d__Bacteria;p__Planctomycetota;c__E44-bin39;o__;f__;g__;s__,90.36,6.27,9.89443572262774,0,5,0,2,0,0,1,1
metadecoder_loegten.metadecoder.190_sub,d__Bacteria;p__Proteobacteria;c__Gammaproteobacteria;o__Burkholderiales;f__SG8-40;g__SG8-40;s__,71.63,7.05,9.82464259259259,0,6,0,0,0,0,0,0
metadecoder_loegten.metadecoder.754,d__Bacteria;p__Krumholzibacteriota;c__Krumholzibacteria;o__Krumholzibacteriales;f__Krumholzibacteriaceae;g__;s__,76.49,9.48,9.6744640234375,1,2,0,0,0,0,0,0
metadecoder_loegten.metadecoder.22,d__Bacteria;p__Proteobacteria;c__Gammaproteobacteria;o__Beggiatoales;f__Beggiatoaceae;g__;s__,89.66,5.09,9.5720264823451,0,5,0,0,0,0,0,0
metadecoder_loegten.metadecoder.909_sub,d__Bacteria;p__Proteobacteria;c__Gammaproteobacteria;o__Pseudomonadales;f__Halieaceae;g__;s__,87.3,6.9,9.53789855875831,0,4,0,0,0,0,0,0
metabat_bin.259,d__Bacteria;p__Proteobacteria;c__Magnetococcia;o__;f__;g__;s__,93.1,2.19,9.40373684,1,5,0,0,0,0,0,0
metadecoder_loegten.metadecoder.143_sub,d__Bacteria;p__Proteobacteria;c__Gammaproteobacteria;o__GCF-002020875;f__GRL18;g__GRL18;s__,71.9,5.17,9.37316126559715,0,4,0,0,0,0,0,0
vamb_S1C4674_sub,d__Bacteria;p__Proteobacteria;c__Gammaproteobacteria;o__AKS1;f__AKS1;g__Sulfuriflexus;s__,55.33,2.59,9.31521838709678,0,4,0,0,0,0,0,0
vamb_S1C636,d__Bacteria;p__Proteobacteria;c__Gammaproteobacteria;o__Beggiatoales;f__Beggiatoaceae;g__;s__,91.38,3.37,9.2306374962816,0,5,0,0,0,0,0,0
metadecoder_loegten.metadecoder.1161_sub,d__Bacteria;p__Planctomycetota;c__Planctomycetes;o__Pirellulales;f__Pirellulaceae;g__;s__,57.41,1.72,9.12407279596977,0,4,0,0,0,0,0,0
metadecoder_loegten.metadecoder.975_sub,d__Bacteria;p__Desulfobacterota;c__Desulfobacteria;o__C00003060;f__C00003060;g__C00003060;s__,54.14,6.9,9.0912333908046,0,3,0,0,0,0,0,0
metadecoder_loegten.metadecoder.41,d__Bacteria;p__Bacteroidota;c__Bacteroidia;o__Flavobacteriales;f__Flavobacteriaceae;g__GCA-002733185;s__,93.1,1.72,9.027946,0,4,0,0,0,0,0,0
metabat_bin.381_sub,d__Bacteria;p__Proteobacteria;c__Gammaproteobacteria;o__GCA-001735895;f__GCA-001735895;g__GCA-001735895;s__,97.65,5.52,8.98623296235679,2,5,0,0,0,0,0,0
metabat_bin.381,d__Bacteria;p__Proteobacteria;c__Gammaproteobacteria;o__GCA-001735895;f__GCA-001735895;g__GCA-001735895;s__,97.65,5.52,8.98533155228758,2,5,0,0,0,0,0,0
maxbin_bin.200,d__Bacteria;p__Bacteroidota;c__Bacteroidia;o__Bacteroidales;f__VadinHA17;g__;s__,86.21,1.72,8.916153125,0,2,0,0,0,0,1,0
metabat_bin.127,d__Bacteria;p__BMS3Abin14;c__BMS3Abin14;o__BMS3Abin14;f__;g__;s__,92.32,4.31,8.78280669039146,0,12,0,2,0,0,0,0
metabat_bin.239,d__Bacteria;p__Proteobacteria;c__Zetaproteobacteria;o__Mariprofundales;f__Mariprofundaceae;g__Mariprofundus;s__,100,1.72,8.77354101449275,2,5,0,0,0,0,0,0
metabat_bin.347_sub,d__Bacteria;p__Proteobacteria;c__Gammaproteobacteria;o__Thiohalomonadales;f__Thiohalomonadaceae;g__;s__,100,9.23,8.68803194986072,2,4,0,0,0,0,0,0
metadecoder_loegten.metadecoder.294,d__Bacteria;p__Verrucomicrobiota;c__Verrucomicrobiae;o__Pedosphaerales;f__DSYF01;g__DSYF01;s__,80.96,6.9,8.61867306532663,0,5,0,1,0,0,0,0
metadecoder_loegten.metadecoder.213,d__Bacteria;p__Proteobacteria;c__Alphaproteobacteria;o__Rhodobacterales;f__Rhodobacteraceae;g__JL08;s__,76.18,3.45,8.61563888198758,1,4,0,0,0,0,0,0
metadecoder_loegten.metadecoder.57,d__Bacteria;p__Planctomycetota;c__Planctomycetes;o__Pirellulales;f__Pirellulaceae;g__Anammoximicrobium;s__,91.38,3.45,8.52027223529412,0,8,0,0,0,0,0,0
maxbin_bin.231,d__Bacteria;p__Chloroflexota;c__Dehalococcoidia;o__Dehalococcoidales;f__UBA5627;g__;s__,95.69,0,8.47936316666667,0,3,0,0,0,0,0,0
maxbin_bin.382_sub,d__Bacteria;p__Acidobacteriota;c__UBA6911;o__RPQK01;f__RPQK01;g__;s__,77.71,3.76,8.40377322649573,0,4,0,4,0,0,0,0
metadecoder_loegten.metadecoder.435,d__Bacteria;p__Chloroflexota;c__Anaerolineae;o__Anaerolineales;f__UBA11579;g__;s__,68.13,3.76,8.34110609977324,0,8,0,0,0,0,1,0
metabat_bin.56,d__Bacteria;p__Proteobacteria;c__Alphaproteobacteria;o__Micavibrionales;f__Micavibrionaceae;g__JAACQG01;s__,95.45,6.9,8.33005846416382,0,2,0,0,0,0,0,0
metabat_bin.265,d__Bacteria;p__Bacteroidota;c__Bacteroidia;o__Bacteroidales;f__GCA-2748055;g__;s__,53.13,0,8.32504989130435,0,3,0,0,0,0,0,0
metadecoder_loegten.metadecoder.1339_sub,d__Bacteria;p__Chloroflexota;c__Anaerolineae;o__Anaerolineales;f__EnvOPS12;g__UBA12087;s__,65.52,2.19,8.14572060509554,0,0,0,0,0,0,0,0
metabat_bin.430,d__Bacteria;p__Bacteroidota;c__Bacteroidia;o__J057;f__;g__;s__,96.55,2.41,8.0357190445269,0,6,0,0,0,0,0,0
metabat_bin.437_sub,d__Bacteria;p__Proteobacteria;c__Alphaproteobacteria;o__Rhodobacterales;f__Rhodobacteraceae;g__Antarctobacter;s__,70.82,7.37,7.85683219562955,0,2,0,0,0,0,0,0
vamb_S1C3717_sub,d__Bacteria;p__Proteobacteria;c__Alphaproteobacteria;o__Caulobacterales;f__Maricaulaceae;g__Maricaulis;s__,85.11,7.01,7.83935724425887,1,2,0,0,0,0,0,0
maxbin_bin.514_sub,d__Bacteria;p__Proteobacteria;c__Alphaproteobacteria;o__Parvibaculales;f__Parvibaculaceae;g__Parvibaculum;s__,74.39,3.45,7.80237141048825,0,3,0,0,0,0,0,0
metadecoder_loegten.metadecoder.663_sub,d__Bacteria;p__Myxococcota;c__UBA9160;o__UBA9160;f__SMWR01;g__;s__,62.46,5.17,7.61997851782364,0,5,0,0,0,0,0,0
metadecoder_loegten.metadecoder.1026,d__Bacteria;p__Patescibacteria;c__ABY1;o__UBA2196;f__;g__;s__,66.94,0,7.52309961538461,0,2,0,0,0,0,0,0
metabat_bin.442_sub,d__Bacteria;p__Chloroflexota;c__Dehalococcoidia;o__Dehalococcoidales;f__Dehalococcoidaceae;g__;s__,78.37,6.03,7.41980122994653,0,2,0,0,0,0,0,0
metadecoder_loegten.metadecoder.1151_sub,d__Bacteria;p__Calditrichota;c__Calditrichia;o__Calditrichales;f__J004;g__JABFGF01;s__,53.76,1.72,7.41539963106796,0,3,0,0,0,0,0,0
metabat_bin.119,d__Bacteria;p__Planctomycetota;c__SZUA-567;o__;f__;g__;s__,66.85,0.97,7.39996056672761,0,4,0,0,0,0,1,0
metabat_bin.119_sub,d__Bacteria;p__Planctomycetota;c__SZUA-567;o__;f__;g__;s__,66.85,0.97,7.39612774725275,0,4,0,0,0,0,1,0
metadecoder_loegten.metadecoder.195_sub,d__Bacteria;p__Fibrobacterota;c__Fibrobacteria;o__UBA11236;f__;g__;s__,82.6,0,7.30488759894459,0,4,0,0,0,0,0,0
metabat_bin.417,d__Bacteria;p__Bacteroidota;c__Bacteroidia;o__Chitinophagales;f__Saprospiraceae;g__B8-G4;s__,88.31,6.35,7.12081767988253,0,3,0,0,0,0,0,0
metadecoder_loegten.metadecoder.199_sub,d__Bacteria;p__Krumholzibacteriota;c__Krumholzibacteria;o__WVZY01;f__WVZY01;g__;s__,69.04,5.17,7.09152924437299,0,5,0,1,0,0,0,0
metabat_bin.300,d__Bacteria;p__Krumholzibacteriota;c__Krumholzibacteria;o__JACNKJ01;f__JACNKJ01;g__;s__,75.55,0,7.02560278538813,0,4,0,0,0,0,0,0
metabat_bin.219,d__Bacteria;p__Patescibacteria;c__Paceibacteria;o__UBA9983_A;f__UBA2163;g__;s__,52.25,8.62,6.853823125,0,1,0,0,0,0,0,0
metabat_bin.415,d__Bacteria;p__Bacteroidota;c__Bacteroidia;o__Bacteroidales;f__PWNQ01;g__;s__,82.6,6.9,6.83521557932264,0,5,0,0,0,0,0,0
metabat_bin.249,d__Bacteria;p__Bacteroidota;c__Rhodothermia;o__Rhodothermales;f__;g__;s__,89.5,0.34,6.78516975816203,0,5,0,0,0,0,0,0
metabat_bin.15,d__Bacteria;p__Patescibacteria;c__Paceibacteria;o__2-02-FULL-40-12;f__;g__;s__,66.2,6.03,6.77933966216216,0,0,0,0,0,0,0,0
metadecoder_loegten.metadecoder.93_sub,d__Bacteria;p__Chloroflexota;c__Anaerolineae;o__Promineofilales;f__Promineofilaceae;g__Promineofilum;s__,64.5,7.68,6.71879846686449,2,7,0,0,0,0,1,0
metabat_bin.209_sub,d__Bacteria;p__Spirochaetota;c__B62-G9;o__B62-G9;f__B62-G9;g__;s__,70.97,1.72,6.65589480066445,0,5,0,0,0,0,0,0
metadecoder_loegten.metadecoder.587_sub,d__Bacteria;p__Desulfobacterota;c__Desulfobulbia;o__Desulfobulbales;f__Desulfobulbaceae;g__;s__,50.63,1.72,6.64517005291005,0,2,0,1,0,0,0,0
maxbin_bin.400_sub,d__Bacteria;p__Krumholzibacteriota;c__Krumholzibacteria;o__WVZY01;f__WVZY01;g__;s__,70.06,6.66,6.53062085574572,0,5,0,1,0,0,0,0
metabat_bin.240,d__Bacteria;p__Patescibacteria;c__Gracilibacteria;o__UBA4473;f__UBA4473;g__;s__,76.93,0,6.47777154929577,0,1,0,0,0,0,0,0
metabat_bin.78,d__Bacteria;p__Proteobacteria;c__Gammaproteobacteria;o__Immundisolibacterales;f__Immundisolibacteraceae;g__QNFC01;s__,61.6,0.47,6.22542042279412,0,3,0,0,0,0,0,0
metabat_bin.78_sub,d__Bacteria;p__Proteobacteria;c__Gammaproteobacteria;o__Immundisolibacterales;f__Immundisolibacteraceae;g__QNFC01;s__,61.6,0.47,6.22429983425414,0,3,0,0,0,0,0,0
metabat_bin.258,d__Bacteria;p__Patescibacteria;c__Paceibacteria;o__Moranbacterales;f__DUUL01;g__;s__,56.35,1.72,5.97452169117647,0,0,0,0,0,0,0,0
metabat_bin.307,d__Bacteria;p__Proteobacteria;c__Magnetococcia;o__;f__;g__;s__,55.64,0.16,5.89098421875,1,3,0,0,0,0,0,0
metabat_bin.125_sub,d__Bacteria;p__Fermentibacterota;c__Fermentibacteria;o__Fermentibacterales;f__Fermentibacteraceae;g__;s__,61.21,7.16,5.34702922077922,0,0,0,0,0,0,0,0
